#

````
mysql> select * from student;
+----+--------------------+------------+-----------+
| id | email              | first_name | last_name |
+----+--------------------+------------+-----------+
|  1 | john.doe@gmail.com | John       | Doe       |
+----+--------------------+------------+-----------+
1 row in set (0.00 sec)

mysql> select * from image;
+------------+------------+------------+
| student_id | image_name | file_name  |
+------------+------------+------------+
|          1 | Photo 1    | photo1.jpg |
|          1 | Photo 2    | photo2.jpg |
|          1 | Photo 3    | photo3.jpg |
+------------+------------+------------+
3 rows in set (0.00 sec)

````