# Collection Sorted Set


````
mysql> show tables;
+----------------+
| Tables_in_test |
+----------------+
| image          |
| student        |
+----------------+
2 rows in set (0.01 sec)

mysql> select * from image;
+------------+------------+
| student_id | file_name  |
+------------+------------+
|          1 | photo1.jpg |
|          1 | photo2.jpg |
|          1 | photo3.jpg |
|          1 | photo4.jpg |
|          1 | photo5.jpg |
+------------+------------+
5 rows in set (0.00 sec)

mysql> select * from student;
+----+--------------------+------------+-----------+
| id | email              | first_name | last_name |
+----+--------------------+------------+-----------+
|  1 | john.doe@gmail.com | John       | Doe       |
+----+--------------------+------------+-----------+
1 row in set (0.00 sec)

mysql>
````